inventory_id,product_id,warehouse_id,stock_level_units,reorder_point_units,avg_daily_demand,days_of_supply,last_replenishment_date,stockout_count_30d,status
INV-0001,PRD-001,WH-08,1060,457,26.4,40,2024-10-28,0,healthy
INV-0002,PRD-001,WH-14,1319,457,15.0,87,2024-11-24,0,healthy
INV-0003,PRD-001,WH-05,1348,457,18.6,72,2024-09-08,0,healthy
INV-0004,PRD-001,WH-07,1126,457,43.1,26,2024-11-02,0,healthy
INV-0005,PRD-002,WH-15,631,374,32.4,19,2024-10-06,0,healthy
INV-0006,PRD-002,WH-08,514,374,33.5,15,2024-10-12,2,low
INV-0007,PRD-002,WH-05,1107,374,49.8,22,2024-10-29,1,healthy
INV-0008,PRD-002,WH-14,665,374,32.2,20,2024-11-23,0,healthy
INV-0009,PRD-003,WH-15,1017,394,45.0,22,2024-10-29,1,healthy
INV-0010,PRD-003,WH-14,691,394,23.7,29,2024-10-25,1,healthy
INV-0011,PRD-003,WH-06,977,394,34.9,27,2024-11-27,0,healthy
INV-0012,PRD-003,WH-08,681,394,8.0,85,2024-10-26,0,healthy
INV-0013,PRD-004,WH-05,432,175,31.4,13,2024-10-23,0,healthy
INV-0014,PRD-004,WH-07,480,175,44.3,10,2024-10-07,0,healthy
INV-0015,PRD-004,WH-06,188,175,19.1,9,2024-11-04,2,low
INV-0016,PRD-004,WH-14,510,175,12.0,42,2024-09-14,0,healthy
INV-0017,PRD-005,WH-07,116,372,17.5,6,2024-11-11,4,critical
INV-0018,PRD-005,WH-14,0,372,41.8,0,2024-11-26,5,stockout
INV-0019,PRD-005,WH-15,527,372,30.1,17,2024-11-28,2,low
INV-0020,PRD-005,WH-05,840,372,6.3,133,2024-10-14,1,healthy
INV-0021,PRD-006,WH-07,182,174,34.6,5,2024-11-21,0,low
INV-0022,PRD-006,WH-05,372,174,9.1,40,2024-10-24,1,healthy
INV-0023,PRD-006,WH-06,451,174,20.3,22,2024-10-12,1,healthy
INV-0024,PRD-006,WH-14,0,174,47.4,0,2024-09-11,5,stockout
INV-0025,PRD-007,WH-01,948,444,35.3,26,2024-11-24,1,healthy
INV-0026,PRD-007,WH-02,1122,444,26.9,41,2024-10-05,1,healthy
INV-0027,PRD-007,WH-07,786,444,39.0,20,2024-10-26,1,healthy
INV-0028,PRD-007,WH-05,1277,444,17.7,72,2024-11-07,1,healthy
INV-0029,PRD-008,WH-05,458,406,7.5,61,2024-09-28,1,low
INV-0030,PRD-008,WH-01,0,406,11.2,0,2024-10-08,4,stockout
INV-0031,PRD-008,WH-02,1122,406,10.4,107,2024-09-23,1,healthy
INV-0032,PRD-008,WH-04,848,406,22.1,38,2024-09-10,1,healthy
INV-0033,PRD-009,WH-07,188,112,5.8,32,2024-11-13,1,healthy
INV-0034,PRD-009,WH-08,332,112,30.8,10,2024-10-08,1,healthy
INV-0035,PRD-009,WH-06,252,112,23.2,10,2024-11-19,0,healthy
INV-0036,PRD-009,WH-01,261,112,42.4,6,2024-10-26,0,healthy
INV-0037,PRD-010,WH-11,356,336,23.0,15,2024-10-10,1,low
INV-0038,PRD-010,WH-01,171,336,20.3,8,2024-09-10,2,critical
INV-0039,PRD-010,WH-02,778,336,33.5,23,2024-10-15,0,healthy
INV-0040,PRD-010,WH-04,926,336,37.7,24,2024-10-01,0,healthy
INV-0041,PRD-011,WH-01,1376,467,32.1,42,2024-09-23,0,healthy
INV-0042,PRD-011,WH-02,0,467,33.3,0,2024-11-12,4,stockout
INV-0043,PRD-011,WH-03,349,467,31.1,11,2024-11-20,3,critical
INV-0044,PRD-011,WH-10,774,467,11.8,65,2024-10-27,1,healthy
INV-0045,PRD-012,WH-10,577,278,27.8,20,2024-10-28,1,healthy
INV-0046,PRD-012,WH-03,565,278,7.6,74,2024-11-22,0,healthy
INV-0047,PRD-012,WH-11,678,278,32.7,20,2024-10-30,1,healthy
INV-0048,PRD-012,WH-01,288,278,29.9,9,2024-11-13,1,low
INV-0049,PRD-013,WH-04,296,176,11.8,25,2024-09-14,1,healthy
INV-0050,PRD-013,WH-03,308,176,49.2,6,2024-09-06,0,healthy
INV-0051,PRD-013,WH-05,489,176,36.8,13,2024-10-17,0,healthy
INV-0052,PRD-013,WH-08,463,176,46.3,10,2024-10-14,1,healthy
INV-0053,PRD-014,WH-01,456,172,19.8,23,2024-10-03,1,healthy
INV-0054,PRD-014,WH-07,155,172,43.3,3,2024-10-13,2,critical
INV-0055,PRD-014,WH-06,331,172,31.2,10,2024-10-10,1,healthy
INV-0056,PRD-014,WH-03,222,172,36.4,6,2024-11-16,0,low
INV-0057,PRD-015,WH-02,325,221,40.6,8,2024-11-25,0,low
INV-0058,PRD-015,WH-03,315,221,42.3,7,2024-11-07,2,low
INV-0059,PRD-015,WH-05,549,221,34.1,16,2024-09-03,1,healthy
INV-0060,PRD-015,WH-04,442,221,18.9,23,2024-11-02,1,healthy
INV-0061,PRD-016,WH-02,422,246,18.3,23,2024-11-24,0,healthy
INV-0062,PRD-016,WH-11,687,246,44.4,15,2024-11-16,0,healthy
INV-0063,PRD-016,WH-10,463,246,11.9,38,2024-10-27,0,healthy
INV-0064,PRD-016,WH-09,717,246,23.5,30,2024-10-27,0,healthy
INV-0065,PRD-017,WH-09,570,219,15.8,36,2024-10-18,0,healthy
INV-0066,PRD-017,WH-03,275,219,47.6,5,2024-10-07,1,low
INV-0067,PRD-017,WH-04,0,219,22.2,0,2024-10-24,5,stockout
INV-0068,PRD-017,WH-02,639,219,41.8,15,2024-10-03,0,healthy
INV-0069,PRD-018,WH-01,340,249,47.0,7,2024-09-16,2,low
INV-0070,PRD-018,WH-10,457,249,8.8,51,2024-10-28,1,healthy
INV-0071,PRD-018,WH-04,598,249,11.6,51,2024-09-29,0,healthy
INV-0072,PRD-018,WH-03,388,249,44.8,8,2024-09-07,1,healthy
INV-0073,PRD-019,WH-04,902,344,49.8,18,2024-09-04,0,healthy
INV-0074,PRD-019,WH-09,862,344,46.9,18,2024-09-18,0,healthy
INV-0075,PRD-019,WH-03,1002,344,17.9,55,2024-11-30,0,healthy
INV-0076,PRD-019,WH-02,524,344,25.2,20,2024-09-03,0,healthy
INV-0077,PRD-020,WH-03,496,249,39.9,12,2024-09-16,1,healthy
INV-0078,PRD-020,WH-02,702,249,15.7,44,2024-09-09,1,healthy
INV-0079,PRD-020,WH-10,630,249,42.7,14,2024-11-20,0,healthy
INV-0080,PRD-020,WH-04,742,249,30.9,24,2024-10-08,0,healthy
INV-0081,PRD-021,WH-04,291,162,30.7,9,2024-11-07,0,healthy
INV-0082,PRD-021,WH-01,378,162,8.0,47,2024-10-20,0,healthy
INV-0083,PRD-021,WH-09,343,162,7.0,49,2024-10-03,1,healthy
INV-0084,PRD-021,WH-03,18,162,5.7,3,2024-10-01,3,critical
INV-0085,PRD-022,WH-10,614,222,7.0,87,2024-11-22,1,healthy
INV-0086,PRD-022,WH-11,572,222,42.4,13,2024-11-20,1,healthy
INV-0087,PRD-022,WH-01,367,222,41.5,8,2024-09-05,1,healthy
INV-0088,PRD-022,WH-03,437,222,14.1,30,2024-10-11,0,healthy
INV-0089,PRD-023,WH-03,767,289,6.6,116,2024-10-07,0,healthy
INV-0090,PRD-023,WH-09,460,289,43.8,10,2024-10-05,1,healthy
INV-0091,PRD-023,WH-04,659,289,41.0,16,2024-10-27,1,healthy
INV-0092,PRD-023,WH-10,531,289,20.3,26,2024-11-28,1,healthy
INV-0093,PRD-024,WH-04,613,353,37.7,16,2024-11-17,1,healthy
INV-0094,PRD-024,WH-03,861,353,29.5,29,2024-09-11,0,healthy
INV-0095,PRD-024,WH-09,846,353,34.7,24,2024-11-17,1,healthy
INV-0096,PRD-024,WH-10,228,353,24.2,9,2024-10-28,3,critical
INV-0097,PRD-025,WH-01,802,493,17.4,46,2024-11-25,0,healthy
INV-0098,PRD-025,WH-06,624,493,23.3,26,2024-11-26,2,low
INV-0099,PRD-025,WH-03,890,493,47.9,18,2024-09-05,1,healthy
INV-0100,PRD-025,WH-05,1404,493,8.0,175,2024-10-17,1,healthy
INV-0101,PRD-026,WH-07,614,282,35.6,17,2024-10-27,1,healthy
INV-0102,PRD-026,WH-05,71,282,8.5,8,2024-10-21,3,critical
INV-0103,PRD-026,WH-01,552,282,34.2,16,2024-09-04,0,healthy
INV-0104,PRD-026,WH-08,266,282,13.4,19,2024-11-11,4,critical
INV-0105,PRD-027,WH-02,1009,475,49.8,20,2024-09-26,1,healthy
INV-0106,PRD-027,WH-03,792,475,11.1,71,2024-09-23,1,healthy
INV-0107,PRD-027,WH-07,45,475,25.0,1,2024-11-25,3,critical
INV-0108,PRD-027,WH-04,1280,475,36.9,34,2024-10-09,1,healthy
INV-0109,PRD-028,WH-11,594,326,15.1,39,2024-10-01,0,healthy
INV-0110,PRD-028,WH-02,775,326,6.2,125,2024-10-30,1,healthy
INV-0111,PRD-028,WH-10,348,326,10.8,32,2024-10-10,0,low
INV-0112,PRD-028,WH-03,860,326,50.0,17,2024-11-07,1,healthy
INV-0113,PRD-029,WH-04,1334,449,48.8,27,2024-10-28,0,healthy
INV-0114,PRD-029,WH-11,1029,449,35.6,28,2024-11-10,0,healthy
INV-0115,PRD-029,WH-09,645,449,31.5,20,2024-10-26,0,low
INV-0116,PRD-029,WH-01,733,449,46.0,15,2024-11-06,0,healthy
INV-0117,PRD-030,WH-02,953,479,47.1,20,2024-11-06,1,healthy
INV-0118,PRD-030,WH-03,979,479,43.1,22,2024-11-21,0,healthy
INV-0119,PRD-030,WH-11,639,479,17.4,36,2024-11-18,1,low
INV-0120,PRD-030,WH-09,1379,479,9.2,149,2024-11-15,0,healthy
INV-0121,PRD-031,WH-09,109,108,6.9,15,2024-09-06,0,low
INV-0122,PRD-031,WH-02,124,108,39.7,3,2024-09-27,2,low
INV-0123,PRD-031,WH-10,0,108,30.7,0,2024-11-21,5,stockout
INV-0124,PRD-031,WH-03,323,108,27.4,11,2024-11-22,1,healthy
INV-0125,PRD-032,WH-03,711,238,25.4,27,2024-09-21,0,healthy
INV-0126,PRD-032,WH-04,596,238,23.7,25,2024-10-14,0,healthy
INV-0127,PRD-032,WH-02,348,238,11.5,30,2024-10-11,2,low
INV-0128,PRD-032,WH-10,89,238,49.5,1,2024-09-17,4,critical
INV-0129,PRD-033,WH-11,801,448,15.9,50,2024-10-28,1,healthy
INV-0130,PRD-033,WH-03,727,448,11.3,64,2024-10-20,1,healthy
INV-0131,PRD-033,WH-09,669,448,23.8,28,2024-10-12,0,low
INV-0132,PRD-033,WH-01,496,448,37.5,13,2024-11-03,0,low
INV-0133,PRD-034,WH-08,516,209,9.1,56,2024-10-01,1,healthy
INV-0134,PRD-034,WH-04,339,209,31.3,10,2024-10-07,0,healthy
INV-0135,PRD-034,WH-03,555,209,31.9,17,2024-11-08,1,healthy
INV-0136,PRD-034,WH-07,535,209,43.1,12,2024-10-04,0,healthy
INV-0137,PRD-035,WH-06,1211,416,23.0,52,2024-10-17,0,healthy
INV-0138,PRD-035,WH-07,514,416,18.0,28,2024-10-28,2,low
INV-0139,PRD-035,WH-04,320,416,29.7,10,2024-09-17,1,critical
INV-0140,PRD-035,WH-03,975,416,22.7,42,2024-09-19,1,healthy
INV-0141,PRD-036,WH-04,163,102,6.8,23,2024-12-01,0,healthy
INV-0142,PRD-036,WH-05,286,102,41.2,6,2024-09-20,1,healthy
INV-0143,PRD-036,WH-07,110,102,45.2,2,2024-11-18,1,low
INV-0144,PRD-036,WH-08,230,102,12.3,18,2024-11-04,1,healthy
INV-0145,PRD-037,WH-12,163,111,18.5,8,2024-10-18,0,low
INV-0146,PRD-037,WH-13,273,111,35.3,7,2024-11-28,1,healthy
INV-0147,PRD-037,WH-04,141,111,6.2,22,2024-11-23,1,low
INV-0148,PRD-037,WH-03,0,111,31.0,0,2024-09-07,3,stockout
INV-0149,PRD-038,WH-12,338,239,37.5,9,2024-09-19,1,low
INV-0150,PRD-038,WH-04,312,239,15.9,19,2024-09-15,2,low
INV-0151,PRD-038,WH-02,520,239,5.9,88,2024-09-20,1,healthy
INV-0152,PRD-038,WH-03,570,239,36.1,15,2024-09-08,1,healthy
INV-0153,PRD-039,WH-13,1200,471,49.9,24,2024-10-11,1,healthy
INV-0154,PRD-039,WH-02,1256,471,25.7,48,2024-11-09,1,healthy
INV-0155,PRD-039,WH-12,1408,471,35.4,39,2024-11-18,1,healthy
INV-0156,PRD-039,WH-03,963,471,13.7,70,2024-11-11,1,healthy
INV-0157,PRD-040,WH-03,361,474,14.3,25,2024-10-11,4,critical
INV-0158,PRD-040,WH-02,995,474,20.7,48,2024-09-16,1,healthy
INV-0159,PRD-040,WH-11,571,474,35.4,16,2024-10-15,1,low
INV-0160,PRD-040,WH-09,0,474,41.2,0,2024-09-06,4,stockout
INV-0161,PRD-041,WH-03,1068,383,34.5,30,2024-09-26,0,healthy
INV-0162,PRD-041,WH-10,856,383,17.2,49,2024-09-14,0,healthy
INV-0163,PRD-041,WH-01,444,383,38.3,11,2024-09-07,0,low
INV-0164,PRD-041,WH-11,440,383,45.7,9,2024-09-30,2,low
INV-0165,PRD-042,WH-01,71,288,26.3,2,2024-11-10,1,critical
INV-0166,PRD-042,WH-11,677,288,23.3,29,2024-11-23,1,healthy
INV-0167,PRD-042,WH-04,581,288,39.0,14,2024-10-07,1,healthy
INV-0168,PRD-042,WH-03,310,288,7.7,40,2024-11-13,2,low
INV-0169,PRD-043,WH-04,354,175,23.8,14,2024-10-21,0,healthy
INV-0170,PRD-043,WH-05,412,175,13.4,30,2024-09-02,0,healthy
INV-0171,PRD-043,WH-06,318,175,30.6,10,2024-10-07,1,healthy
INV-0172,PRD-043,WH-01,516,175,49.5,10,2024-11-04,0,healthy
INV-0173,PRD-044,WH-08,748,341,12.3,60,2024-12-01,1,healthy
INV-0174,PRD-044,WH-03,686,341,5.6,122,2024-11-12,1,healthy
INV-0175,PRD-044,WH-02,385,341,39.1,9,2024-11-21,2,low
INV-0176,PRD-044,WH-01,777,341,42.2,18,2024-09-12,1,healthy
INV-0177,PRD-045,WH-07,453,216,26.5,17,2024-10-04,0,healthy
INV-0178,PRD-045,WH-06,462,216,15.6,29,2024-10-09,1,healthy
INV-0179,PRD-045,WH-01,217,216,37.5,5,2024-11-23,1,low
INV-0180,PRD-045,WH-02,357,216,36.2,9,2024-10-30,0,healthy
INV-0181,PRD-046,WH-07,450,193,46.5,9,2024-11-21,0,healthy
INV-0182,PRD-046,WH-06,404,193,21.5,18,2024-09-18,0,healthy
INV-0183,PRD-046,WH-08,482,193,11.9,40,2024-11-29,1,healthy
INV-0184,PRD-046,WH-15,289,193,46.1,6,2024-11-25,2,low
INV-0185,PRD-047,WH-06,313,147,28.8,10,2024-11-12,0,healthy
INV-0186,PRD-047,WH-15,361,147,7.8,46,2024-11-13,0,healthy
INV-0187,PRD-047,WH-05,304,147,11.7,25,2024-09-15,1,healthy
INV-0188,PRD-047,WH-07,209,147,14.2,14,2024-11-05,0,low
INV-0189,PRD-048,WH-08,290,173,23.7,12,2024-11-26,1,healthy
INV-0190,PRD-048,WH-05,463,173,37.5,12,2024-09-01,1,healthy
INV-0191,PRD-048,WH-15,19,173,14.8,1,2024-10-25,1,critical
INV-0192,PRD-048,WH-14,291,173,36.5,7,2024-10-31,0,healthy
INV-0193,PRD-049,WH-05,0,58,11.1,0,2024-11-22,5,stockout
INV-0194,PRD-049,WH-07,135,58,21.9,6,2024-10-19,1,healthy
INV-0195,PRD-049,WH-08,171,58,8.6,19,2024-11-23,0,healthy
INV-0196,PRD-049,WH-15,155,58,10.3,15,2024-11-07,1,healthy
INV-0197,PRD-050,WH-06,1144,389,25.8,44,2024-11-08,1,healthy
INV-0198,PRD-050,WH-15,840,389,42.1,19,2024-10-15,1,healthy
INV-0199,PRD-050,WH-05,702,389,17.4,40,2024-11-24,0,healthy
INV-0200,PRD-050,WH-08,603,389,32.7,18,2024-09-27,0,healthy
INV-0201,PRD-051,WH-05,443,431,35.2,12,2024-09-06,0,low
INV-0202,PRD-051,WH-15,1202,431,24.8,48,2024-09-08,0,healthy
INV-0203,PRD-051,WH-14,946,431,27.7,34,2024-11-13,0,healthy
INV-0204,PRD-051,WH-06,978,431,31.0,31,2024-10-09,0,healthy
INV-0205,PRD-052,WH-03,299,178,18.5,16,2024-11-20,0,healthy
INV-0206,PRD-052,WH-06,241,178,24.2,9,2024-10-15,0,low
INV-0207,PRD-052,WH-05,245,178,35.2,6,2024-11-29,1,low
INV-0208,PRD-052,WH-02,421,178,23.4,17,2024-09-24,1,healthy
INV-0209,PRD-053,WH-08,238,324,11.5,20,2024-11-11,1,critical
INV-0210,PRD-053,WH-02,774,324,48.6,15,2024-10-20,0,healthy
INV-0211,PRD-053,WH-07,658,324,16.5,39,2024-10-28,0,healthy
INV-0212,PRD-053,WH-03,859,324,9.2,93,2024-09-07,0,healthy
INV-0213,PRD-054,WH-05,438,420,6.8,64,2024-11-15,0,low
INV-0214,PRD-054,WH-04,112,420,35.2,3,2024-09-27,4,critical
INV-0215,PRD-054,WH-06,649,420,18.6,34,2024-09-25,0,healthy
INV-0216,PRD-054,WH-08,387,420,10.3,37,2024-10-02,4,critical
INV-0217,PRD-055,WH-10,224,101,29.8,7,2024-10-30,1,healthy
INV-0218,PRD-055,WH-09,230,101,34.2,6,2024-10-17,1,healthy
INV-0219,PRD-055,WH-02,271,101,44.7,6,2024-10-31,0,healthy
INV-0220,PRD-055,WH-04,27,101,42.8,0,2024-10-11,3,critical
INV-0221,PRD-056,WH-04,134,412,11.6,11,2024-10-08,4,critical
INV-0222,PRD-056,WH-01,857,412,13.8,62,2024-11-12,1,healthy
INV-0223,PRD-056,WH-09,967,412,27.5,35,2024-11-02,1,healthy
INV-0224,PRD-056,WH-02,252,412,33.9,7,2024-09-22,4,critical
INV-0225,PRD-057,WH-10,48,199,29.6,1,2024-11-07,1,critical
INV-0226,PRD-057,WH-03,338,199,42.8,7,2024-09-01,0,healthy
INV-0227,PRD-057,WH-02,418,199,11.2,37,2024-11-30,0,healthy
INV-0228,PRD-057,WH-09,558,199,5.4,103,2024-10-18,1,healthy
INV-0229,PRD-058,WH-01,290,102,5.7,50,2024-09-02,1,healthy
INV-0230,PRD-058,WH-12,224,102,28.8,7,2024-09-03,1,healthy
INV-0231,PRD-058,WH-04,264,102,41.6,6,2024-09-14,0,healthy
INV-0232,PRD-058,WH-03,215,102,28.6,7,2024-11-19,0,healthy
INV-0233,PRD-059,WH-12,320,144,8.6,37,2024-11-12,1,healthy
INV-0234,PRD-059,WH-03,274,144,49.6,5,2024-11-27,1,healthy
INV-0235,PRD-059,WH-13,383,144,34.4,11,2024-09-12,0,healthy
INV-0236,PRD-059,WH-02,358,144,22.1,16,2024-09-08,1,healthy
INV-0237,PRD-060,WH-13,207,83,43.0,4,2024-11-12,1,healthy
INV-0238,PRD-060,WH-01,242,83,45.3,5,2024-09-30,0,healthy
INV-0239,PRD-060,WH-02,213,83,45.6,4,2024-10-05,1,healthy
INV-0240,PRD-060,WH-12,212,83,46.6,4,2024-11-09,1,healthy
INV-0241,PRD-061,WH-12,341,127,48.3,7,2024-12-01,0,healthy
INV-0242,PRD-061,WH-01,165,127,46.8,3,2024-11-12,0,low
INV-0243,PRD-061,WH-02,290,127,30.5,9,2024-10-20,1,healthy
INV-0244,PRD-061,WH-04,0,127,38.3,0,2024-09-11,5,stockout
INV-0245,PRD-062,WH-12,186,177,15.4,12,2024-11-17,1,low
INV-0246,PRD-062,WH-03,0,177,32.6,0,2024-10-21,5,stockout
INV-0247,PRD-062,WH-01,0,177,19.7,0,2024-10-05,5,stockout
INV-0248,PRD-062,WH-04,222,177,27.1,8,2024-10-19,2,low
INV-0249,PRD-063,WH-04,0,366,32.8,0,2024-12-01,3,stockout
INV-0250,PRD-063,WH-02,709,366,8.7,81,2024-12-01,1,healthy
INV-0251,PRD-063,WH-13,200,366,11.9,16,2024-10-17,3,critical
INV-0252,PRD-063,WH-01,867,366,9.1,95,2024-10-17,1,healthy
INV-0253,PRD-064,WH-11,534,202,13.4,39,2024-09-14,1,healthy
INV-0254,PRD-064,WH-03,588,202,9.0,65,2024-11-16,0,healthy
INV-0255,PRD-064,WH-01,251,202,40.3,6,2024-10-08,0,low
INV-0256,PRD-064,WH-02,212,202,22.5,9,2024-11-11,2,low
INV-0257,PRD-065,WH-02,72,362,22.1,3,2024-10-09,3,critical
INV-0258,PRD-065,WH-09,610,362,27.2,22,2024-10-26,0,healthy
INV-0259,PRD-065,WH-10,1041,362,23.9,43,2024-10-17,0,healthy
INV-0260,PRD-065,WH-11,1053,362,47.5,22,2024-10-29,0,healthy
INV-0261,PRD-066,WH-01,264,185,19.9,13,2024-10-13,1,low
INV-0262,PRD-066,WH-02,268,185,20.1,13,2024-09-18,2,low
INV-0263,PRD-066,WH-03,381,185,19.4,19,2024-10-11,1,healthy
INV-0264,PRD-066,WH-11,442,185,48.4,9,2024-11-28,1,healthy
INV-0265,PRD-067,WH-13,180,130,17.6,10,2024-09-15,1,low
INV-0266,PRD-067,WH-04,153,130,14.0,10,2024-11-10,2,low
INV-0267,PRD-067,WH-02,314,130,47.9,6,2024-10-27,0,healthy
INV-0268,PRD-067,WH-12,213,130,42.4,5,2024-11-26,1,healthy
INV-0269,PRD-068,WH-04,190,66,34.6,5,2024-10-19,1,healthy
INV-0270,PRD-068,WH-02,175,66,25.2,6,2024-11-14,1,healthy
INV-0271,PRD-068,WH-03,92,66,29.0,3,2024-09-05,2,low
INV-0272,PRD-068,WH-01,71,66,36.6,1,2024-10-02,0,low
INV-0273,PRD-069,WH-13,127,86,7.0,18,2024-11-22,2,low
INV-0274,PRD-069,WH-03,107,86,48.5,2,2024-09-14,1,low
INV-0275,PRD-069,WH-02,185,86,9.4,19,2024-10-28,0,healthy
INV-0276,PRD-069,WH-12,129,86,22.6,5,2024-11-28,2,low
INV-0277,PRD-070,WH-12,457,351,9.7,47,2024-09-15,0,low
INV-0278,PRD-070,WH-02,160,351,11.4,14,2024-10-29,3,critical
INV-0279,PRD-070,WH-03,886,351,28.5,31,2024-09-13,1,healthy
INV-0280,PRD-070,WH-01,466,351,37.5,12,2024-09-09,1,low
INV-0281,PRD-071,WH-03,186,165,34.2,5,2024-10-02,2,low
INV-0282,PRD-071,WH-01,185,165,12.9,14,2024-11-11,1,low
INV-0283,PRD-071,WH-12,194,165,48.1,4,2024-11-20,1,low
INV-0284,PRD-071,WH-04,417,165,13.4,31,2024-10-21,1,healthy
INV-0285,PRD-072,WH-01,80,80,24.3,3,2024-09-28,2,low
INV-0286,PRD-072,WH-12,210,80,17.5,12,2024-11-13,0,healthy
INV-0287,PRD-072,WH-02,188,80,41.0,4,2024-10-17,0,healthy
INV-0288,PRD-072,WH-04,87,80,13.9,6,2024-11-25,1,low
INV-0289,PRD-073,WH-11,247,197,22.5,10,2024-09-15,2,low
INV-0290,PRD-073,WH-04,255,197,20.8,12,2024-09-23,2,low
INV-0291,PRD-073,WH-09,77,197,36.8,2,2024-11-26,1,critical
INV-0292,PRD-073,WH-03,419,197,19.1,21,2024-09-15,1,healthy
INV-0293,PRD-074,WH-02,262,189,31.8,8,2024-10-25,1,low
INV-0294,PRD-074,WH-03,560,189,26.9,20,2024-11-11,0,healthy
INV-0295,PRD-074,WH-11,356,189,27.0,13,2024-10-11,0,healthy
INV-0296,PRD-074,WH-04,234,189,32.9,7,2024-11-02,0,low
INV-0297,PRD-075,WH-02,377,271,35.8,10,2024-10-27,2,low
INV-0298,PRD-075,WH-11,278,271,12.5,22,2024-10-08,0,low
INV-0299,PRD-075,WH-04,684,271,17.4,39,2024-09-22,1,healthy
INV-0300,PRD-075,WH-09,0,271,25.6,0,2024-11-03,5,stockout
INV-0301,PRD-076,WH-14,1152,395,17.1,67,2024-11-09,1,healthy
INV-0302,PRD-076,WH-15,0,395,6.9,0,2024-10-27,5,stockout
INV-0303,PRD-076,WH-05,503,395,14.8,33,2024-11-23,0,low
INV-0304,PRD-076,WH-07,0,395,16.1,0,2024-10-28,3,stockout
INV-0305,PRD-077,WH-07,951,470,39.9,23,2024-11-15,0,healthy
INV-0306,PRD-077,WH-15,364,470,20.8,17,2024-09-22,4,critical
INV-0307,PRD-077,WH-05,522,470,11.3,46,2024-09-08,0,low
INV-0308,PRD-077,WH-06,541,470,20.8,26,2024-11-08,2,low
INV-0309,PRD-078,WH-06,446,315,17.0,26,2024-09-13,2,low
INV-0310,PRD-078,WH-07,877,315,48.3,18,2024-09-08,1,healthy
INV-0311,PRD-078,WH-14,539,315,44.0,12,2024-10-02,0,healthy
INV-0312,PRD-078,WH-15,899,315,37.0,24,2024-11-26,0,healthy
INV-0313,PRD-079,WH-07,213,273,17.1,12,2024-10-28,4,critical
INV-0314,PRD-079,WH-04,805,273,33.5,24,2024-10-22,0,healthy
INV-0315,PRD-079,WH-02,367,273,38.7,9,2024-11-02,1,low
INV-0316,PRD-079,WH-05,296,273,31.2,9,2024-10-29,2,low
INV-0317,PRD-080,WH-06,368,259,14.8,24,2024-11-03,0,low
INV-0318,PRD-080,WH-07,536,259,19.5,27,2024-11-10,1,healthy
INV-0319,PRD-080,WH-01,383,259,10.9,35,2024-11-27,1,low
INV-0320,PRD-080,WH-05,0,259,7.2,0,2024-11-20,3,stockout
INV-0321,PRD-081,WH-08,369,260,25.5,14,2024-11-28,0,low
INV-0322,PRD-081,WH-01,546,260,44.7,12,2024-10-06,0,healthy
INV-0323,PRD-081,WH-07,520,260,34.5,15,2024-10-18,0,healthy
INV-0324,PRD-081,WH-02,85,260,45.7,1,2024-10-21,1,critical
INV-0325,PRD-082,WH-10,49,439,9.1,5,2024-09-28,1,critical
INV-0326,PRD-082,WH-03,590,439,8.5,69,2024-11-06,0,low
INV-0327,PRD-082,WH-02,5,439,25.0,0,2024-09-16,3,critical
INV-0328,PRD-082,WH-04,561,439,36.2,15,2024-09-30,0,low
INV-0329,PRD-083,WH-04,128,109,21.5,5,2024-10-19,0,low
INV-0330,PRD-083,WH-01,0,109,41.6,0,2024-11-22,3,stockout
INV-0331,PRD-083,WH-10,68,109,11.4,5,2024-11-18,1,critical
INV-0332,PRD-083,WH-09,45,109,12.4,3,2024-11-20,2,critical
INV-0333,PRD-084,WH-10,849,495,8.9,95,2024-09-16,0,healthy
INV-0334,PRD-084,WH-02,584,495,37.9,15,2024-10-11,1,low
INV-0335,PRD-084,WH-04,1407,495,16.2,86,2024-10-02,0,healthy
INV-0336,PRD-084,WH-09,679,495,32.0,21,2024-10-07,2,low
INV-0337,PRD-085,WH-11,1076,368,28.3,38,2024-10-21,0,healthy
INV-0338,PRD-085,WH-10,800,368,34.1,23,2024-10-20,1,healthy
INV-0339,PRD-085,WH-01,627,368,15.8,39,2024-10-17,0,healthy
INV-0340,PRD-085,WH-03,513,368,10.9,47,2024-10-17,1,low
INV-0341,PRD-086,WH-09,0,331,8.3,0,2024-09-09,5,stockout
INV-0342,PRD-086,WH-10,519,331,16.8,30,2024-10-21,0,healthy
INV-0343,PRD-086,WH-02,459,331,17.9,25,2024-10-25,1,low
INV-0344,PRD-086,WH-04,328,331,23.1,14,2024-10-06,2,critical
INV-0345,PRD-087,WH-01,269,112,29.1,9,2024-10-10,0,healthy
INV-0346,PRD-087,WH-03,109,112,24.7,4,2024-09-08,2,critical
INV-0347,PRD-087,WH-11,280,112,8.9,31,2024-10-29,0,healthy
INV-0348,PRD-087,WH-02,131,112,32.4,4,2024-11-24,2,low
INV-0349,PRD-088,WH-13,3,131,11.2,0,2024-11-03,2,critical
INV-0350,PRD-088,WH-02,164,131,28.5,5,2024-10-18,0,low
INV-0351,PRD-088,WH-01,265,131,38.7,6,2024-09-04,0,healthy
INV-0352,PRD-088,WH-04,165,131,41.3,3,2024-09-09,2,low
INV-0353,PRD-089,WH-03,494,480,28.0,17,2024-11-12,1,low
INV-0354,PRD-089,WH-12,985,480,21.5,45,2024-11-13,0,healthy
INV-0355,PRD-089,WH-01,117,480,37.5,3,2024-09-06,1,critical
INV-0356,PRD-089,WH-02,1207,480,16.0,75,2024-10-20,1,healthy
INV-0357,PRD-090,WH-02,215,305,38.3,5,2024-10-12,2,critical
INV-0358,PRD-090,WH-13,828,305,23.7,34,2024-10-05,1,healthy
INV-0359,PRD-090,WH-01,521,305,30.7,16,2024-09-23,0,healthy
INV-0360,PRD-090,WH-03,483,305,41.2,11,2024-09-09,1,healthy
INV-0361,PRD-091,WH-04,452,297,29.9,15,2024-09-26,1,healthy
INV-0362,PRD-091,WH-03,603,297,30.4,19,2024-10-30,0,healthy
INV-0363,PRD-091,WH-10,423,297,31.6,13,2024-11-09,0,low
INV-0364,PRD-091,WH-09,0,297,40.8,0,2024-09-01,3,stockout
INV-0365,PRD-092,WH-04,5,356,42.8,0,2024-09-01,3,critical
INV-0366,PRD-092,WH-01,0,356,34.6,0,2024-10-10,5,stockout
INV-0367,PRD-092,WH-02,780,356,14.2,54,2024-11-02,1,healthy
INV-0368,PRD-092,WH-03,682,356,48.8,13,2024-09-12,1,healthy
INV-0369,PRD-093,WH-01,235,445,45.3,5,2024-11-14,1,critical
INV-0370,PRD-093,WH-02,1323,445,27.7,47,2024-09-10,1,healthy
INV-0371,PRD-093,WH-09,556,445,30.6,18,2024-09-17,2,low
INV-0372,PRD-093,WH-04,993,445,18.1,54,2024-11-29,1,healthy
INV-0373,PRD-094,WH-15,102,51,15.5,6,2024-11-14,0,healthy
INV-0374,PRD-094,WH-07,98,51,12.0,8,2024-10-30,1,healthy
INV-0375,PRD-094,WH-14,68,51,23.3,2,2024-09-27,1,low
INV-0376,PRD-094,WH-06,59,51,18.9,3,2024-09-12,0,low
INV-0377,PRD-095,WH-06,569,387,11.7,48,2024-10-16,0,low
INV-0378,PRD-095,WH-07,560,387,28.1,19,2024-10-04,1,low
INV-0379,PRD-095,WH-05,998,387,6.4,155,2024-11-11,1,healthy
INV-0380,PRD-095,WH-08,0,387,29.8,0,2024-10-30,3,stockout
INV-0381,PRD-096,WH-05,445,220,42.4,10,2024-09-26,0,healthy
INV-0382,PRD-096,WH-06,300,220,21.8,13,2024-09-11,2,low
INV-0383,PRD-096,WH-15,324,220,31.4,10,2024-09-03,0,low
INV-0384,PRD-096,WH-08,559,220,13.9,40,2024-09-12,0,healthy
INV-0385,PRD-097,WH-11,731,495,7.3,100,2024-10-26,2,low
INV-0386,PRD-097,WH-03,16,495,22.8,0,2024-11-27,4,critical
INV-0387,PRD-097,WH-01,549,495,12.8,42,2024-10-06,0,low
INV-0388,PRD-097,WH-09,899,495,25.1,35,2024-11-18,0,healthy
INV-0389,PRD-098,WH-09,628,488,23.5,26,2024-09-08,1,low
INV-0390,PRD-098,WH-11,876,488,17.6,49,2024-09-26,1,healthy
INV-0391,PRD-098,WH-02,270,488,44.8,6,2024-11-20,2,critical
INV-0392,PRD-098,WH-03,585,488,40.8,14,2024-10-16,2,low
INV-0393,PRD-099,WH-04,564,465,27.6,20,2024-09-24,1,low
INV-0394,PRD-099,WH-09,926,465,19.3,47,2024-10-06,0,healthy
INV-0395,PRD-099,WH-11,1185,465,41.4,28,2024-11-14,1,healthy
INV-0396,PRD-099,WH-03,804,465,48.8,16,2024-11-24,0,healthy
INV-0397,PRD-100,WH-06,176,127,43.1,4,2024-09-23,1,low
INV-0398,PRD-100,WH-07,272,127,15.6,17,2024-11-15,1,healthy
INV-0399,PRD-100,WH-05,281,127,36.7,7,2024-11-12,0,healthy
INV-0400,PRD-100,WH-08,317,127,42.7,7,2024-09-23,1,healthy
INV-0401,PRD-101,WH-08,340,219,32.1,10,2024-09-01,1,healthy
INV-0402,PRD-101,WH-05,244,219,46.3,5,2024-10-14,0,low
INV-0403,PRD-101,WH-14,206,219,13.0,15,2024-09-08,3,critical
INV-0404,PRD-101,WH-15,402,219,11.6,34,2024-11-07,0,healthy
INV-0405,PRD-102,WH-07,52,283,22.8,2,2024-10-09,3,critical
INV-0406,PRD-102,WH-05,323,283,11.1,29,2024-10-26,2,low
INV-0407,PRD-102,WH-15,163,283,48.2,3,2024-11-30,2,critical
INV-0408,PRD-102,WH-08,374,283,36.2,10,2024-11-25,0,low
INV-0409,PRD-103,WH-14,33,129,36.0,0,2024-09-01,2,critical
INV-0410,PRD-103,WH-06,101,129,47.7,2,2024-09-24,1,critical
INV-0411,PRD-103,WH-08,157,129,19.3,8,2024-11-12,2,low
INV-0412,PRD-103,WH-15,230,129,47.2,4,2024-09-10,1,healthy
INV-0413,PRD-104,WH-06,46,404,44.8,1,2024-10-28,3,critical
INV-0414,PRD-104,WH-07,865,404,16.9,51,2024-10-15,0,healthy
INV-0415,PRD-104,WH-14,611,404,40.4,15,2024-10-20,0,healthy
INV-0416,PRD-104,WH-05,446,404,38.0,11,2024-11-03,1,low
INV-0417,PRD-105,WH-08,636,489,40.5,15,2024-11-27,2,low
INV-0418,PRD-105,WH-07,813,489,12.3,66,2024-10-08,0,healthy
INV-0419,PRD-105,WH-15,845,489,19.3,43,2024-10-14,0,healthy
INV-0420,PRD-105,WH-05,902,489,45.0,20,2024-11-10,0,healthy
INV-0421,PRD-106,WH-05,829,438,24.4,33,2024-09-21,1,healthy
INV-0422,PRD-106,WH-07,871,438,9.6,90,2024-10-23,0,healthy
INV-0423,PRD-106,WH-08,374,438,29.9,12,2024-11-24,3,critical
INV-0424,PRD-106,WH-14,759,438,18.4,41,2024-10-21,0,healthy
INV-0425,PRD-107,WH-14,1000,373,21.2,47,2024-10-08,0,healthy
INV-0426,PRD-107,WH-15,246,373,33.1,7,2024-09-13,2,critical
INV-0427,PRD-107,WH-08,861,373,14.3,60,2024-10-31,0,healthy
INV-0428,PRD-107,WH-05,970,373,18.9,51,2024-11-02,1,healthy
INV-0429,PRD-108,WH-15,366,272,22.4,16,2024-10-18,1,low
INV-0430,PRD-108,WH-07,544,272,25.1,21,2024-10-30,1,healthy
INV-0431,PRD-108,WH-05,547,272,15.2,35,2024-09-20,0,healthy
INV-0432,PRD-108,WH-14,0,272,36.3,0,2024-09-11,3,stockout
INV-0433,PRD-109,WH-06,0,135,31.5,0,2024-09-08,5,stockout
INV-0434,PRD-109,WH-07,188,135,41.8,4,2024-11-27,2,low
INV-0435,PRD-109,WH-05,165,135,30.8,5,2024-10-09,1,low
INV-0436,PRD-109,WH-04,385,135,22.8,16,2024-11-04,0,healthy
INV-0437,PRD-110,WH-03,220,78,48.7,4,2024-09-17,0,healthy
INV-0438,PRD-110,WH-01,204,78,24.1,8,2024-09-26,1,healthy
INV-0439,PRD-110,WH-04,77,78,11.7,6,2024-10-11,3,critical
INV-0440,PRD-110,WH-02,9,78,46.1,0,2024-10-20,1,critical
INV-0441,PRD-111,WH-07,263,260,25.6,10,2024-11-19,2,low
INV-0442,PRD-111,WH-05,367,260,28.5,12,2024-10-24,0,low
INV-0443,PRD-111,WH-03,693,260,11.7,59,2024-09-14,0,healthy
INV-0444,PRD-111,WH-06,333,260,40.1,8,2024-10-15,2,low
INV-0445,PRD-112,WH-04,20,362,32.4,0,2024-10-06,2,critical
INV-0446,PRD-112,WH-03,517,362,11.5,44,2024-11-28,2,low
INV-0447,PRD-112,WH-11,446,362,6.7,66,2024-10-01,2,low
INV-0448,PRD-112,WH-09,821,362,38.6,21,2024-09-03,1,healthy
INV-0449,PRD-113,WH-03,88,123,43.6,2,2024-09-30,1,critical
INV-0450,PRD-113,WH-11,298,123,18.5,16,2024-10-05,1,healthy
INV-0451,PRD-113,WH-10,0,123,23.8,0,2024-09-12,5,stockout
INV-0452,PRD-113,WH-09,289,123,24.9,11,2024-11-06,1,healthy
INV-0453,PRD-114,WH-11,145,54,19.0,7,2024-09-18,1,healthy
INV-0454,PRD-114,WH-03,0,54,43.3,0,2024-09-04,5,stockout
INV-0455,PRD-114,WH-01,106,54,13.7,7,2024-10-02,0,healthy
INV-0456,PRD-114,WH-02,127,54,25.5,4,2024-10-06,0,healthy
INV-0457,PRD-115,WH-03,16,276,46.5,0,2024-10-18,2,critical
INV-0458,PRD-115,WH-04,91,276,31.7,2,2024-11-15,4,critical
INV-0459,PRD-115,WH-09,84,276,20.7,4,2024-11-28,3,critical
INV-0460,PRD-115,WH-10,613,276,17.8,34,2024-09-21,0,healthy
INV-0461,PRD-116,WH-11,106,403,15.1,7,2024-11-23,3,critical
INV-0462,PRD-116,WH-09,602,403,28.1,21,2024-09-02,2,low
INV-0463,PRD-116,WH-02,332,403,46.0,7,2024-11-16,2,critical
INV-0464,PRD-116,WH-10,920,403,15.1,60,2024-10-25,1,healthy
INV-0465,PRD-117,WH-04,659,486,26.0,25,2024-11-19,2,low
INV-0466,PRD-117,WH-03,487,486,31.3,15,2024-11-24,2,low
INV-0467,PRD-117,WH-11,638,486,30.3,21,2024-10-07,2,low
INV-0468,PRD-117,WH-10,609,486,35.8,17,2024-10-14,0,low
INV-0469,PRD-118,WH-05,284,201,34.5,8,2024-09-25,1,low
INV-0470,PRD-118,WH-06,426,201,28.3,15,2024-11-16,0,healthy
INV-0471,PRD-118,WH-03,288,201,34.7,8,2024-09-04,0,low
INV-0472,PRD-118,WH-07,76,201,27.4,2,2024-10-24,3,critical
INV-0473,PRD-119,WH-07,147,190,36.9,3,2024-10-14,2,critical
INV-0474,PRD-119,WH-04,0,190,37.1,0,2024-11-08,5,stockout
INV-0475,PRD-119,WH-06,172,190,40.3,4,2024-11-04,3,critical
INV-0476,PRD-119,WH-01,274,190,43.0,6,2024-09-24,2,low
INV-0477,PRD-120,WH-05,0,75,16.6,0,2024-09-24,5,stockout
INV-0478,PRD-120,WH-01,12,75,45.5,0,2024-10-16,2,critical
INV-0479,PRD-120,WH-04,94,75,38.5,2,2024-10-13,1,low
INV-0480,PRD-120,WH-02,93,75,16.7,5,2024-09-16,1,low
INV-0481,PRD-121,WH-04,1064,447,27.5,38,2024-10-23,1,healthy
INV-0482,PRD-121,WH-01,828,447,44.2,18,2024-09-26,0,healthy
INV-0483,PRD-121,WH-12,592,447,23.4,25,2024-09-19,1,low
INV-0484,PRD-121,WH-02,493,447,43.8,11,2024-11-02,0,low
INV-0485,PRD-122,WH-03,834,367,5.2,160,2024-09-22,0,healthy
INV-0486,PRD-122,WH-02,251,367,39.4,6,2024-09-17,1,critical
INV-0487,PRD-122,WH-13,220,367,24.5,8,2024-10-25,4,critical
INV-0488,PRD-122,WH-04,20,367,22.2,0,2024-10-18,2,critical
INV-0489,PRD-123,WH-01,376,479,5.2,72,2024-09-29,2,critical
INV-0490,PRD-123,WH-03,160,479,44.5,3,2024-09-14,2,critical
INV-0491,PRD-123,WH-02,557,479,27.7,20,2024-09-09,0,low
INV-0492,PRD-123,WH-13,1020,479,18.4,55,2024-11-06,1,healthy
INV-0493,PRD-124,WH-09,88,208,49.8,1,2024-10-16,4,critical
INV-0494,PRD-124,WH-11,0,208,13.5,0,2024-09-03,4,stockout
INV-0495,PRD-124,WH-03,224,208,15.1,14,2024-09-03,0,low
INV-0496,PRD-124,WH-04,32,208,27.7,1,2024-12-01,3,critical
INV-0497,PRD-125,WH-10,0,201,29.1,0,2024-11-16,3,stockout
INV-0498,PRD-125,WH-01,313,201,34.8,8,2024-11-28,0,healthy
INV-0499,PRD-125,WH-04,497,201,23.8,20,2024-11-10,0,healthy
INV-0500,PRD-125,WH-03,220,201,26.3,8,2024-11-28,0,low
INV-0501,PRD-126,WH-10,459,326,34.8,13,2024-11-19,1,low
INV-0502,PRD-126,WH-11,215,326,36.5,5,2024-11-05,1,critical
INV-0503,PRD-126,WH-01,0,326,32.8,0,2024-09-15,4,stockout
INV-0504,PRD-126,WH-03,803,326,27.4,29,2024-10-04,0,healthy
INV-0505,PRD-127,WH-12,186,181,18.3,10,2024-11-03,2,low
INV-0506,PRD-127,WH-02,242,181,36.0,6,2024-10-01,1,low
INV-0507,PRD-127,WH-03,318,181,5.6,56,2024-11-13,0,healthy
INV-0508,PRD-127,WH-04,24,181,27.2,0,2024-09-13,1,critical
INV-0509,PRD-128,WH-03,486,461,25.9,18,2024-09-06,0,low
INV-0510,PRD-128,WH-02,634,461,21.2,29,2024-10-25,1,low
INV-0511,PRD-128,WH-04,0,461,10.2,0,2024-09-02,3,stockout
INV-0512,PRD-128,WH-12,870,461,34.9,24,2024-10-16,1,healthy
INV-0513,PRD-129,WH-04,336,165,21.8,15,2024-09-15,0,healthy
INV-0514,PRD-129,WH-12,223,165,23.0,9,2024-10-20,1,low
INV-0515,PRD-129,WH-03,108,165,43.3,2,2024-09-15,2,critical
INV-0516,PRD-129,WH-13,264,165,36.3,7,2024-09-14,0,healthy
INV-0517,PRD-130,WH-08,313,461,24.7,12,2024-10-16,4,critical
INV-0518,PRD-130,WH-14,351,461,6.3,55,2024-11-01,2,critical
INV-0519,PRD-130,WH-15,211,461,10.1,20,2024-09-06,4,critical
INV-0520,PRD-130,WH-07,1017,461,16.8,60,2024-11-30,0,healthy
INV-0521,PRD-131,WH-15,482,324,28.4,16,2024-10-26,0,low
INV-0522,PRD-131,WH-14,247,324,37.7,6,2024-11-24,3,critical
INV-0523,PRD-131,WH-06,77,324,33.9,2,2024-09-02,1,critical
INV-0524,PRD-131,WH-07,259,324,47.0,5,2024-11-03,4,critical
INV-0525,PRD-132,WH-06,420,349,19.9,21,2024-11-04,0,low
INV-0526,PRD-132,WH-05,445,349,29.8,14,2024-10-01,1,low
INV-0527,PRD-132,WH-08,984,349,25.7,38,2024-11-03,0,healthy
INV-0528,PRD-132,WH-15,476,349,19.2,24,2024-11-23,2,low
INV-0529,PRD-133,WH-01,255,169,30.1,8,2024-11-17,0,healthy
INV-0530,PRD-133,WH-08,131,169,33.7,3,2024-11-23,2,critical
INV-0531,PRD-133,WH-04,88,169,25.5,3,2024-09-07,3,critical
INV-0532,PRD-133,WH-06,211,169,43.0,4,2024-11-19,2,low
INV-0533,PRD-134,WH-08,0,362,25.4,0,2024-11-24,3,stockout
INV-0534,PRD-134,WH-06,452,362,5.1,88,2024-10-08,2,low
INV-0535,PRD-134,WH-07,360,362,28.5,12,2024-09-06,1,critical
INV-0536,PRD-134,WH-03,965,362,27.2,35,2024-10-03,0,healthy
INV-0537,PRD-135,WH-04,608,408,25.6,23,2024-12-01,0,low
INV-0538,PRD-135,WH-02,514,408,9.8,52,2024-11-21,0,low
INV-0539,PRD-135,WH-01,396,408,31.5,12,2024-10-29,4,critical
INV-0540,PRD-135,WH-08,259,408,31.5,8,2024-11-03,2,critical
INV-0541,PRD-136,WH-01,99,69,42.7,2,2024-09-23,2,low
INV-0542,PRD-136,WH-12,17,69,31.0,0,2024-10-20,1,critical
INV-0543,PRD-136,WH-13,42,69,32.0,1,2024-10-24,4,critical
INV-0544,PRD-136,WH-03,32,69,46.2,0,2024-10-21,3,critical
INV-0545,PRD-137,WH-03,848,325,23.6,35,2024-11-29,1,healthy
INV-0546,PRD-137,WH-13,284,325,43.7,6,2024-09-26,2,critical
INV-0547,PRD-137,WH-04,399,325,33.1,12,2024-10-15,2,low
INV-0548,PRD-137,WH-01,92,325,11.0,8,2024-11-30,3,critical
INV-0549,PRD-138,WH-01,364,406,47.4,7,2024-11-26,4,critical
INV-0550,PRD-138,WH-03,0,406,45.2,0,2024-10-07,5,stockout
INV-0551,PRD-138,WH-04,539,406,41.4,13,2024-09-04,0,low
INV-0552,PRD-138,WH-12,577,406,11.5,50,2024-09-26,0,low
INV-0553,PRD-139,WH-03,748,262,42.8,17,2024-09-27,1,healthy
INV-0554,PRD-139,WH-02,0,262,29.4,0,2024-10-28,4,stockout
INV-0555,PRD-139,WH-11,740,262,32.7,22,2024-11-22,0,healthy
INV-0556,PRD-139,WH-09,148,262,22.5,6,2024-10-19,1,critical
INV-0557,PRD-140,WH-04,394,193,38.5,10,2024-09-29,1,healthy
INV-0558,PRD-140,WH-11,166,193,36.7,4,2024-11-15,3,critical
INV-0559,PRD-140,WH-03,51,193,38.2,1,2024-10-08,2,critical
INV-0560,PRD-140,WH-01,280,193,13.0,21,2024-09-24,0,low
INV-0561,PRD-141,WH-02,205,170,6.8,30,2024-10-04,2,low
INV-0562,PRD-141,WH-10,472,170,12.2,38,2024-09-01,1,healthy
INV-0563,PRD-141,WH-09,189,170,26.0,7,2024-09-20,0,low
INV-0564,PRD-141,WH-01,250,170,31.9,7,2024-11-24,2,low
INV-0565,PRD-142,WH-03,898,380,40.3,22,2024-09-24,0,healthy
INV-0566,PRD-142,WH-04,259,380,8.1,31,2024-10-24,2,critical
INV-0567,PRD-142,WH-09,48,380,29.2,1,2024-09-29,3,critical
INV-0568,PRD-142,WH-11,464,380,34.9,13,2024-10-08,1,low
INV-0569,PRD-143,WH-02,333,484,42.1,7,2024-09-15,1,critical
INV-0570,PRD-143,WH-09,124,484,20.6,6,2024-09-06,2,critical
INV-0571,PRD-143,WH-10,196,484,44.9,4,2024-10-20,1,critical
INV-0572,PRD-143,WH-04,556,484,29.3,18,2024-11-06,0,low
INV-0573,PRD-144,WH-11,58,60,7.0,8,2024-10-12,2,critical
INV-0574,PRD-144,WH-03,7,60,8.7,0,2024-11-08,2,critical
INV-0575,PRD-144,WH-09,5,60,5.3,0,2024-11-25,2,critical
INV-0576,PRD-144,WH-04,56,60,39.8,1,2024-09-14,4,critical
INV-0577,PRD-145,WH-02,0,339,35.9,0,2024-10-29,3,stockout
INV-0578,PRD-145,WH-09,0,339,19.9,0,2024-09-10,3,stockout
INV-0579,PRD-145,WH-04,639,339,13.0,49,2024-11-13,0,healthy
INV-0580,PRD-145,WH-01,443,339,46.0,9,2024-10-28,1,low
INV-0581,PRD-146,WH-10,271,160,22.5,12,2024-11-22,0,healthy
INV-0582,PRD-146,WH-04,0,160,32.8,0,2024-11-14,5,stockout
INV-0583,PRD-146,WH-11,259,160,36.5,7,2024-11-04,1,healthy
INV-0584,PRD-146,WH-03,416,160,18.0,23,2024-11-17,1,healthy
INV-0585,PRD-147,WH-01,51,51,42.0,1,2024-09-21,1,low
INV-0586,PRD-147,WH-03,48,51,14.9,3,2024-11-09,4,critical
INV-0587,PRD-147,WH-04,55,51,48.2,1,2024-11-26,1,low
INV-0588,PRD-147,WH-09,0,51,34.2,0,2024-11-10,3,stockout
INV-0589,PRD-148,WH-12,469,178,30.8,15,2024-10-10,0,healthy
INV-0590,PRD-148,WH-02,222,178,38.7,5,2024-10-23,0,low
INV-0591,PRD-148,WH-01,37,178,43.3,0,2024-09-24,2,critical
INV-0592,PRD-148,WH-04,210,178,32.8,6,2024-09-15,0,low
INV-0593,PRD-149,WH-02,242,233,34.0,7,2024-11-25,1,low
INV-0594,PRD-149,WH-12,452,233,16.3,27,2024-10-13,1,healthy
INV-0595,PRD-149,WH-01,316,233,10.8,29,2024-09-13,0,low
INV-0596,PRD-149,WH-03,348,233,32.9,10,2024-10-11,0,low
INV-0597,PRD-150,WH-04,75,114,18.8,3,2024-11-12,2,critical
INV-0598,PRD-150,WH-13,41,114,21.4,1,2024-09-22,4,critical
INV-0599,PRD-150,WH-03,228,114,19.1,11,2024-10-06,1,healthy
INV-0600,PRD-150,WH-12,160,114,11.0,14,2024-11-01,1,low
